Schema,Table,Column,column_position,Data Type,Not Null,Identity,pk,fk,uq,Default Value,Constraint Type,Constraint Name,References,parameter_type,Index Name,Index Type,Columns,Description
humanresources,department,departmentid,1.0,integer,,N,Y,,,nextval('humanresources.department_departmentid_seq'::regclass),PRIMARY KEY,PK_Department_DepartmentID,,constraint, , , , 
humanresources,department,groupname,3.0,character varying,,N,,,, , , ,,, , , , 
humanresources,department,modifieddate,4.0,timestamp without time zone,,N,,,,now(), , ,,, , , , 
humanresources,department,name,2.0,character varying,,N,,,, , , ,,, , , , 
humanresources,employee,birthdate,7.0,date,,N,,,, , , ,,, , , , 
humanresources,employee,businessentityid,1.0,integer,,N,,Y,, ,FOREIGN KEY,FK_Employee_Person_BusinessEntityID,person.businessentityid,constraint, , , , 
humanresources,employee,businessentityid,1.0,integer,,N,Y,,, ,PRIMARY KEY,PK_Employee_BusinessEntityID,,constraint, , , , 
humanresources,employee,currentflag,14.0,boolean,,N,,,,true, , ,,, , , , 
humanresources,employee,gender,9.0,character,,N,,,, , , ,,, , , , 
humanresources,employee,hiredate,10.0,date,,N,,,, , , ,,, , , , 
humanresources,employee,jobtitle,6.0,character varying,,N,,,, , , ,,, , , , 
humanresources,employee,loginid,3.0,character varying,,N,,,, , , ,,, , , , 
humanresources,employee,maritalstatus,8.0,character,,N,,,, , , ,,, , , , 
humanresources,employee,modifieddate,16.0,timestamp without time zone,,N,,,,now(), , ,,, , , , 
humanresources,employee,nationalidnumber,2.0,character varying,,N,,,, , , ,,, , , , 
humanresources,employee,organizationnode,17.0,character varying,Y,N,,,,'/'::character varying, , ,,, , , , 
humanresources,employee,rowguid,15.0,uuid,,N,,,,uuid_generate_v1(), , ,,, , , , 
humanresources,employee,salariedflag,11.0,boolean,,N,,,,true, , ,,, , , , 
humanresources,employee,sickleavehours,13.0,smallint,,N,,,,0, , ,,, , , , 
humanresources,employee,vacationhours,12.0,smallint,,N,,,,0, , ,,, , , , 
humanresources,employeedepartmenthistory,businessentityid,1.0,integer,,N,Y,,, ,PRIMARY KEY,PK_EmployeeDepartmentHistory_BusinessEntityID_StartDate_Departm,,constraint, , , , 
humanresources,employeedepartmenthistory,businessentityid,1.0,integer,,N,,Y,, ,FOREIGN KEY,FK_EmployeeDepartmentHistory_Employee_BusinessEntityID,employee.businessentityid,constraint, , , , 
humanresources,employeedepartmenthistory,departmentid,2.0,smallint,,N,Y,,, ,PRIMARY KEY,PK_EmployeeDepartmentHistory_BusinessEntityID_StartDate_Departm,,constraint, , , , 
humanresources,employeedepartmenthistory,departmentid,2.0,smallint,,N,,Y,, ,FOREIGN KEY,FK_EmployeeDepartmentHistory_Department_DepartmentID,department.departmentid,constraint, , , , 
humanresources,employeedepartmenthistory,enddate,5.0,date,Y,N,,,, , , ,,, , , , 
humanresources,employeedepartmenthistory,modifieddate,6.0,timestamp without time zone,,N,,,,now(), , ,,, , , , 
humanresources,employeedepartmenthistory,shiftid,3.0,smallint,,N,Y,,, ,PRIMARY KEY,PK_EmployeeDepartmentHistory_BusinessEntityID_StartDate_Departm,,constraint, , , , 
humanresources,employeedepartmenthistory,shiftid,3.0,smallint,,N,,Y,, ,FOREIGN KEY,FK_EmployeeDepartmentHistory_Shift_ShiftID,shift.shiftid,constraint, , , , 
humanresources,employeedepartmenthistory,startdate,4.0,date,,N,Y,,, ,PRIMARY KEY,PK_EmployeeDepartmentHistory_BusinessEntityID_StartDate_Departm,,constraint, , , , 
humanresources,employeepayhistory,businessentityid,1.0,integer,,N,,Y,, ,FOREIGN KEY,FK_EmployeePayHistory_Employee_BusinessEntityID,employee.businessentityid,constraint, , , , 
humanresources,employeepayhistory,businessentityid,1.0,integer,,N,Y,,, ,PRIMARY KEY,PK_EmployeePayHistory_BusinessEntityID_RateChangeDate,,constraint, , , , 
humanresources,employeepayhistory,modifieddate,5.0,timestamp without time zone,,N,,,,now(), , ,,, , , , 
humanresources,employeepayhistory,payfrequency,4.0,smallint,,N,,,, , , ,,, , , , 
humanresources,employeepayhistory,rate,3.0,numeric,,N,,,, , , ,,, , , , 
humanresources,employeepayhistory,ratechangedate,2.0,timestamp without time zone,,N,Y,,, ,PRIMARY KEY,PK_EmployeePayHistory_BusinessEntityID_RateChangeDate,,constraint, , , , 
humanresources,jobcandidate,businessentityid,2.0,integer,Y,N,,Y,, ,FOREIGN KEY,FK_JobCandidate_Employee_BusinessEntityID,employee.businessentityid,constraint, , , , 
humanresources,jobcandidate,jobcandidateid,1.0,integer,,N,Y,,,nextval('humanresources.jobcandidate_jobcandidateid_seq'::regclass),PRIMARY KEY,PK_JobCandidate_JobCandidateID,,constraint, , , , 
humanresources,jobcandidate,modifieddate,4.0,timestamp without time zone,,N,,,,now(), , ,,, , , , 
humanresources,jobcandidate,resume,3.0,xml,Y,N,,,, , , ,,, , , , 
humanresources,shift,endtime,4.0,time without time zone,,N,,,, , , ,,, , , , 
humanresources,shift,modifieddate,5.0,timestamp without time zone,,N,,,,now(), , ,,, , , , 
humanresources,shift,name,2.0,character varying,,N,,,, , , ,,, , , , 
humanresources,shift,shiftid,1.0,integer,,N,Y,,,nextval('humanresources.shift_shiftid_seq'::regclass),PRIMARY KEY,PK_Shift_ShiftID,,constraint, , , , 
humanresources,shift,starttime,3.0,time without time zone,,N,,,, , , ,,, , , , 
humanresources,vemployee,additionalcontactinfo,18.0,xml,Y,N,,,, , , ,,, , , , 
humanresources,vemployee,addressline1,12.0,character varying,Y,N,,,, , , ,,, , , , 
humanresources,vemployee,addressline2,13.0,character varying,Y,N,,,, , , ,,, , , , 
humanresources,vemployee,businessentityid,1.0,integer,Y,N,,,, , , ,,, , , , 
humanresources,vemployee,city,14.0,character varying,Y,N,,,, , , ,,, , , , 
humanresources,vemployee,countryregionname,17.0,character varying,Y,N,,,, , , ,,, , , , 
humanresources,vemployee,emailaddress,10.0,character varying,Y,N,,,, , , ,,, , , , 
humanresources,vemployee,emailpromotion,11.0,integer,Y,N,,,, , , ,,, , , , 
humanresources,vemployee,firstname,3.0,character varying,Y,N,,,, , , ,,, , , , 
humanresources,vemployee,jobtitle,7.0,character varying,Y,N,,,, , , ,,, , , , 
humanresources,vemployee,lastname,5.0,character varying,Y,N,,,, , , ,,, , , , 
humanresources,vemployee,middlename,4.0,character varying,Y,N,,,, , , ,,, , , , 
humanresources,vemployee,phonenumber,8.0,character varying,Y,N,,,, , , ,,, , , , 
humanresources,vemployee,phonenumbertype,9.0,character varying,Y,N,,,, , , ,,, , , , 
humanresources,vemployee,postalcode,16.0,character varying,Y,N,,,, , , ,,, , , , 
humanresources,vemployee,stateprovincename,15.0,character varying,Y,N,,,, , , ,,, , , , 
humanresources,vemployee,suffix,6.0,character varying,Y,N,,,, , , ,,, , , , 
humanresources,vemployee,title,2.0,character varying,Y,N,,,, , , ,,, , , , 
humanresources,vemployeedepartment,businessentityid,1.0,integer,Y,N,,,, , , ,,, , , , 
humanresources,vemployeedepartment,department,8.0,character varying,Y,N,,,, , , ,,, , , , 
humanresources,vemployeedepartment,firstname,3.0,character varying,Y,N,,,, , , ,,, , , , 
humanresources,vemployeedepartment,groupname,9.0,character varying,Y,N,,,, , , ,,, , , , 
humanresources,vemployeedepartment,jobtitle,7.0,character varying,Y,N,,,, , , ,,, , , , 
humanresources,vemployeedepartment,lastname,5.0,character varying,Y,N,,,, , , ,,, , , , 
humanresources,vemployeedepartment,middlename,4.0,character varying,Y,N,,,, , , ,,, , , , 
humanresources,vemployeedepartment,startdate,10.0,date,Y,N,,,, , , ,,, , , , 
humanresources,vemployeedepartment,suffix,6.0,character varying,Y,N,,,, , , ,,, , , , 
humanresources,vemployeedepartment,title,2.0,character varying,Y,N,,,, , , ,,, , , , 
humanresources,vemployeedepartmenthistory,businessentityid,1.0,integer,Y,N,,,, , , ,,, , , , 
humanresources,vemployeedepartmenthistory,department,8.0,character varying,Y,N,,,, , , ,,, , , , 
humanresources,vemployeedepartmenthistory,enddate,11.0,date,Y,N,,,, , , ,,, , , , 
humanresources,vemployeedepartmenthistory,firstname,3.0,character varying,Y,N,,,, , , ,,, , , , 
humanresources,vemployeedepartmenthistory,groupname,9.0,character varying,Y,N,,,, , , ,,, , , , 
humanresources,vemployeedepartmenthistory,lastname,5.0,character varying,Y,N,,,, , , ,,, , , , 
humanresources,vemployeedepartmenthistory,middlename,4.0,character varying,Y,N,,,, , , ,,, , , , 
humanresources,vemployeedepartmenthistory,shift,7.0,character varying,Y,N,,,, , , ,,, , , , 
humanresources,vemployeedepartmenthistory,startdate,10.0,date,Y,N,,,, , , ,,, , , , 
humanresources,vemployeedepartmenthistory,suffix,6.0,character varying,Y,N,,,, , , ,,, , , , 
humanresources,vemployeedepartmenthistory,title,2.0,character varying,Y,N,,,, , , ,,, , , , 
humanresources,vjobcandidate,Addr.Loc.City,12.0,character varying,Y,N,,,, , , ,,, , , , 
humanresources,vjobcandidate,Addr.Loc.CountryRegion,10.0,character varying,Y,N,,,, , , ,,, , , , 
humanresources,vjobcandidate,Addr.Loc.State,11.0,character varying,Y,N,,,, , , ,,, , , , 
humanresources,vjobcandidate,Addr.PostalCode,13.0,character varying,Y,N,,,, , , ,,, , , , 
humanresources,vjobcandidate,Addr.Type,9.0,character varying,Y,N,,,, , , ,,, , , , 
humanresources,vjobcandidate,EMail,14.0,character varying,Y,N,,,, , , ,,, , , , 
humanresources,vjobcandidate,Name.First,4.0,character varying,Y,N,,,, , , ,,, , , , 
humanresources,vjobcandidate,Name.Last,6.0,character varying,Y,N,,,, , , ,,, , , , 
humanresources,vjobcandidate,Name.Middle,5.0,character varying,Y,N,,,, , , ,,, , , , 
humanresources,vjobcandidate,Name.Prefix,3.0,character varying,Y,N,,,, , , ,,, , , , 
humanresources,vjobcandidate,Name.Suffix,7.0,character varying,Y,N,,,, , , ,,, , , , 
humanresources,vjobcandidate,Skills,8.0,character varying,Y,N,,,, , , ,,, , , , 
humanresources,vjobcandidate,WebSite,15.0,character varying,Y,N,,,, , , ,,, , , , 
humanresources,vjobcandidate,businessentityid,2.0,integer,Y,N,,,, , , ,,, , , , 
humanresources,vjobcandidate,jobcandidateid,1.0,integer,Y,N,,,, , , ,,, , , , 
humanresources,vjobcandidate,modifieddate,16.0,timestamp without time zone,Y,N,,,, , , ,,, , , , 
humanresources,vjobcandidateeducation,Edu.Degree,5.0,character varying,Y,N,,,, , , ,,, , , , 
humanresources,vjobcandidateeducation,Edu.EndDate,4.0,date,Y,N,,,, , , ,,, , , , 
humanresources,vjobcandidateeducation,Edu.GPA,8.0,character varying,Y,N,,,, , , ,,, , , , 
humanresources,vjobcandidateeducation,Edu.GPAScale,9.0,character varying,Y,N,,,, , , ,,, , , , 
humanresources,vjobcandidateeducation,Edu.Level,2.0,character varying,Y,N,,,, , , ,,, , , , 
humanresources,vjobcandidateeducation,Edu.Loc.City,13.0,character varying,Y,N,,,, , , ,,, , , , 
humanresources,vjobcandidateeducation,Edu.Loc.CountryRegion,11.0,character varying,Y,N,,,, , , ,,, , , , 
humanresources,vjobcandidateeducation,Edu.Loc.State,12.0,character varying,Y,N,,,, , , ,,, , , , 
humanresources,vjobcandidateeducation,Edu.Major,6.0,character varying,Y,N,,,, , , ,,, , , , 
humanresources,vjobcandidateeducation,Edu.Minor,7.0,character varying,Y,N,,,, , , ,,, , , , 
humanresources,vjobcandidateeducation,Edu.School,10.0,character varying,Y,N,,,, , , ,,, , , , 
humanresources,vjobcandidateeducation,Edu.StartDate,3.0,date,Y,N,,,, , , ,,, , , , 
humanresources,vjobcandidateeducation,jobcandidateid,1.0,integer,Y,N,,,, , , ,,, , , , 
humanresources,vjobcandidateemployment,Emp.EndDate,3.0,date,Y,N,,,, , , ,,, , , , 
humanresources,vjobcandidateemployment,Emp.FunctionCategory,7.0,character varying,Y,N,,,, , , ,,, , , , 
humanresources,vjobcandidateemployment,Emp.IndustryCategory,8.0,character varying,Y,N,,,, , , ,,, , , , 
humanresources,vjobcandidateemployment,Emp.JobTitle,5.0,character varying,Y,N,,,, , , ,,, , , , 
humanresources,vjobcandidateemployment,Emp.Loc.City,11.0,character varying,Y,N,,,, , , ,,, , , , 
humanresources,vjobcandidateemployment,Emp.Loc.CountryRegion,9.0,character varying,Y,N,,,, , , ,,, , , , 
humanresources,vjobcandidateemployment,Emp.Loc.State,10.0,character varying,Y,N,,,, , , ,,, , , , 
humanresources,vjobcandidateemployment,Emp.OrgName,4.0,character varying,Y,N,,,, , , ,,, , , , 
humanresources,vjobcandidateemployment,Emp.Responsibility,6.0,character varying,Y,N,,,, , , ,,, , , , 
humanresources,vjobcandidateemployment,Emp.StartDate,2.0,date,Y,N,,,, , , ,,, , , , 
humanresources,vjobcandidateemployment,jobcandidateid,1.0,integer,Y,N,,,, , , ,,, , , , 
person,address,addressid,1.0,integer,,N,Y,,,nextval('person.address_addressid_seq'::regclass),PRIMARY KEY,PK_Address_AddressID,,constraint, , , , 
person,address,addressline1,2.0,character varying,,N,,,, , , ,,, , , , 
person,address,addressline2,3.0,character varying,Y,N,,,, , , ,,, , , , 
person,address,city,4.0,character varying,,N,,,, , , ,,, , , , 
person,address,modifieddate,9.0,timestamp without time zone,,N,,,,now(), , ,,, , , , 
person,address,postalcode,6.0,character varying,,N,,,, , , ,,, , , , 
person,address,rowguid,8.0,uuid,,N,,,,uuid_generate_v1(), , ,,, , , , 
person,address,spatiallocation,7.0,character varying,Y,N,,,, , , ,,, , , , 
person,address,stateprovinceid,5.0,integer,,N,,Y,, ,FOREIGN KEY,FK_Address_StateProvince_StateProvinceID,stateprovince.stateprovinceid,constraint, , , , 
person,address, , , , , , , , , , , , ,index,ndx_address_city, btree ,city, 
person,addresstype,addresstypeid,1.0,integer,,N,Y,,,nextval('person.addresstype_addresstypeid_seq'::regclass),PRIMARY KEY,PK_AddressType_AddressTypeID,,constraint, , , , 
person,addresstype,modifieddate,4.0,timestamp without time zone,,N,,,,now(), , ,,, , , , 
person,addresstype,name,2.0,character varying,,N,,,, , , ,,, , , , 
person,addresstype,rowguid,3.0,uuid,,N,,,,uuid_generate_v1(), , ,,, , , , 
person,businessentity,businessentityid,1.0,integer,,N,Y,,,nextval('person.businessentity_businessentityid_seq'::regclass),PRIMARY KEY,PK_BusinessEntity_BusinessEntityID,,constraint, , , , 
person,businessentity,modifieddate,3.0,timestamp without time zone,,N,,,,now(), , ,,, , , , 
person,businessentity,rowguid,2.0,uuid,,N,,,,uuid_generate_v1(), , ,,, , , , 
person,businessentityaddress,addressid,2.0,integer,,N,,Y,, ,FOREIGN KEY,FK_BusinessEntityAddress_Address_AddressID,address.addressid,constraint, , , , 
person,businessentityaddress,addressid,2.0,integer,,N,Y,,, ,PRIMARY KEY,PK_BusinessEntityAddress_BusinessEntityID_AddressID_AddressType,,constraint, , , , 
person,businessentityaddress,addresstypeid,3.0,integer,,N,,Y,, ,FOREIGN KEY,FK_BusinessEntityAddress_AddressType_AddressTypeID,addresstype.addresstypeid,constraint, , , , 
person,businessentityaddress,addresstypeid,3.0,integer,,N,Y,,, ,PRIMARY KEY,PK_BusinessEntityAddress_BusinessEntityID_AddressID_AddressType,,constraint, , , , 
person,businessentityaddress,businessentityid,1.0,integer,,N,Y,,, ,PRIMARY KEY,PK_BusinessEntityAddress_BusinessEntityID_AddressID_AddressType,,constraint, , , , 
person,businessentityaddress,businessentityid,1.0,integer,,N,,Y,, ,FOREIGN KEY,FK_BusinessEntityAddress_BusinessEntity_BusinessEntityID,businessentity.businessentityid,constraint, , , , 
person,businessentityaddress,modifieddate,5.0,timestamp without time zone,,N,,,,now(), , ,,, , , , 
person,businessentityaddress,rowguid,4.0,uuid,,N,,,,uuid_generate_v1(), , ,,, , , , 
person,businessentitycontact,businessentityid,1.0,integer,,N,,Y,, ,FOREIGN KEY,FK_BusinessEntityContact_BusinessEntity_BusinessEntityID,businessentity.businessentityid,constraint, , , , 
person,businessentitycontact,businessentityid,1.0,integer,,N,Y,,, ,PRIMARY KEY,PK_BusinessEntityContact_BusinessEntityID_PersonID_ContactTypeI,,constraint, , , , 
person,businessentitycontact,contacttypeid,3.0,integer,,N,Y,,, ,PRIMARY KEY,PK_BusinessEntityContact_BusinessEntityID_PersonID_ContactTypeI,,constraint, , , , 
person,businessentitycontact,contacttypeid,3.0,integer,,N,,Y,, ,FOREIGN KEY,FK_BusinessEntityContact_ContactType_ContactTypeID,contacttype.contacttypeid,constraint, , , , 
person,businessentitycontact,modifieddate,5.0,timestamp without time zone,,N,,,,now(), , ,,, , , , 
person,businessentitycontact,personid,2.0,integer,,N,,Y,, ,FOREIGN KEY,FK_BusinessEntityContact_Person_PersonID,person.businessentityid,constraint, , , , 
person,businessentitycontact,personid,2.0,integer,,N,Y,,, ,PRIMARY KEY,PK_BusinessEntityContact_BusinessEntityID_PersonID_ContactTypeI,,constraint, , , , 
person,businessentitycontact,rowguid,4.0,uuid,,N,,,,uuid_generate_v1(), , ,,, , , , 
person,contacttype,contacttypeid,1.0,integer,,N,Y,,,nextval('person.contacttype_contacttypeid_seq'::regclass),PRIMARY KEY,PK_ContactType_ContactTypeID,,constraint, , , , 
person,contacttype,modifieddate,3.0,timestamp without time zone,,N,,,,now(), , ,,, , , , 
person,contacttype,name,2.0,character varying,,N,,,, , , ,,, , , , 
person,countryregion,countryregioncode,1.0,character varying,,N,Y,,, ,PRIMARY KEY,PK_CountryRegion_CountryRegionCode,,constraint, , , , 
person,countryregion,modifieddate,3.0,timestamp without time zone,,N,,,,now(), , ,,, , , , 
person,countryregion,name,2.0,character varying,,N,,,, , , ,,, , , , 
person,emailaddress,businessentityid,1.0,integer,,N,Y,,, ,PRIMARY KEY,PK_EmailAddress_BusinessEntityID_EmailAddressID,,constraint, , , , 
person,emailaddress,businessentityid,1.0,integer,,N,,Y,, ,FOREIGN KEY,FK_EmailAddress_Person_BusinessEntityID,person.businessentityid,constraint, , , , 
person,emailaddress,emailaddress,3.0,character varying,Y,N,,,, , , ,,, , , , 
person,emailaddress,emailaddressid,2.0,integer,,N,Y,,,nextval('person.emailaddress_emailaddressid_seq'::regclass),PRIMARY KEY,PK_EmailAddress_BusinessEntityID_EmailAddressID,,constraint, , , , 
person,emailaddress,modifieddate,5.0,timestamp without time zone,,N,,,,now(), , ,,, , , , 
person,emailaddress,rowguid,4.0,uuid,,N,,,,uuid_generate_v1(), , ,,, , , , 
person,password,businessentityid,1.0,integer,,N,,Y,, ,FOREIGN KEY,FK_Password_Person_BusinessEntityID,person.businessentityid,constraint, , , , 
person,password,businessentityid,1.0,integer,,N,Y,,, ,PRIMARY KEY,PK_Password_BusinessEntityID,,constraint, , , , 
person,password,modifieddate,5.0,timestamp without time zone,,N,,,,now(), , ,,, , , , 
person,password,passwordhash,2.0,character varying,,N,,,, , , ,,, , , , 
person,password,passwordsalt,3.0,character varying,,N,,,, , , ,,, , , , 
person,password,rowguid,4.0,uuid,,N,,,,uuid_generate_v1(), , ,,, , , , 
person,person,additionalcontactinfo,10.0,xml,Y,N,,,, , , ,,, , , , 
person,person,businessentityid,1.0,integer,,N,,Y,, ,FOREIGN KEY,FK_Person_BusinessEntity_BusinessEntityID,businessentity.businessentityid,constraint, , , , 
person,person,businessentityid,1.0,integer,,N,Y,,, ,PRIMARY KEY,PK_Person_BusinessEntityID,,constraint, , , , 
person,person,demographics,11.0,xml,Y,N,,,, , , ,,, , , , 
person,person,emailpromotion,9.0,integer,,N,,,,0, , ,,, , , , 
person,person,firstname,5.0,character varying,,N,,,, , , ,,, , , , 
person,person,lastname,7.0,character varying,,N,,,, , , ,,, , , , 
person,person,middlename,6.0,character varying,Y,N,,,, , , ,,, , , , 
person,person,modifieddate,13.0,timestamp without time zone,,N,,,,now(), , ,,, , , , 
person,person,namestyle,3.0,boolean,,N,,,,false, , ,,, , , , 
person,person,persontype,2.0,character,,N,,,, , , ,,, , , , 
person,person,rowguid,12.0,uuid,,N,,,,uuid_generate_v1(), , ,,, , , , 
person,person,suffix,8.0,character varying,Y,N,,,, , , ,,, , , , 
person,person,title,4.0,character varying,Y,N,,,, , , ,,, , , , 
person,personphone,businessentityid,1.0,integer,,N,,Y,, ,FOREIGN KEY,FK_PersonPhone_Person_BusinessEntityID,person.businessentityid,constraint, , , , 
person,personphone,businessentityid,1.0,integer,,N,Y,,, ,PRIMARY KEY,PK_PersonPhone_BusinessEntityID_PhoneNumber_PhoneNumberTypeID,,constraint, , , , 
person,personphone,modifieddate,4.0,timestamp without time zone,,N,,,,now(), , ,,, , , , 
person,personphone,phonenumber,2.0,character varying,,N,Y,,, ,PRIMARY KEY,PK_PersonPhone_BusinessEntityID_PhoneNumber_PhoneNumberTypeID,,constraint, , , , 
person,personphone,phonenumbertypeid,3.0,integer,,N,Y,,, ,PRIMARY KEY,PK_PersonPhone_BusinessEntityID_PhoneNumber_PhoneNumberTypeID,,constraint, , , , 
person,personphone,phonenumbertypeid,3.0,integer,,N,,Y,, ,FOREIGN KEY,FK_PersonPhone_PhoneNumberType_PhoneNumberTypeID,phonenumbertype.phonenumbertypeid,constraint, , , , 
person,phonenumbertype,modifieddate,3.0,timestamp without time zone,,N,,,,now(), , ,,, , , , 
person,phonenumbertype,name,2.0,character varying,,N,,,, , , ,,, , , , 
person,phonenumbertype,phonenumbertypeid,1.0,integer,,N,Y,,,nextval('person.phonenumbertype_phonenumbertypeid_seq'::regclass),PRIMARY KEY,PK_PhoneNumberType_PhoneNumberTypeID,,constraint, , , , 
person,stateprovince,countryregioncode,3.0,character varying,,N,,Y,, ,FOREIGN KEY,FK_StateProvince_CountryRegion_CountryRegionCode,countryregion.countryregioncode,constraint, , , , 
person,stateprovince,isonlystateprovinceflag,4.0,boolean,,N,,,,true, , ,,, , , , 
person,stateprovince,modifieddate,8.0,timestamp without time zone,,N,,,,now(), , ,,, , , , 
person,stateprovince,name,5.0,character varying,,N,,,, , , ,,, , , , 
person,stateprovince,rowguid,7.0,uuid,,N,,,,uuid_generate_v1(), , ,,, , , , 
person,stateprovince,stateprovincecode,2.0,character,,N,,,, , , ,,, , , , 
person,stateprovince,stateprovinceid,1.0,integer,,N,Y,,,nextval('person.stateprovince_stateprovinceid_seq'::regclass),PRIMARY KEY,PK_StateProvince_StateProvinceID,,constraint, , , , 
person,stateprovince,territoryid,6.0,integer,,N,,Y,, ,FOREIGN KEY,FK_StateProvince_SalesTerritory_TerritoryID,salesterritory.territoryid,constraint, , , , 
person,vadditionalcontactinfo,businessentityid,1.0,integer,Y,N,,,, , , ,,, , , , 
person,vadditionalcontactinfo,city,8.0,xml,Y,N,,,, , , ,,, , , , 
person,vadditionalcontactinfo,countryregion,11.0,xml,Y,N,,,, , , ,,, , , , 
person,vadditionalcontactinfo,emailaddress,13.0,xml,Y,N,,,, , , ,,, , , , 
person,vadditionalcontactinfo,emailspecialinstructions,14.0,text,Y,N,,,, , , ,,, , , , 
person,vadditionalcontactinfo,emailtelephonenumber,15.0,xml,Y,N,,,, , , ,,, , , , 
person,vadditionalcontactinfo,firstname,2.0,character varying,Y,N,,,, , , ,,, , , , 
person,vadditionalcontactinfo,homeaddressspecialinstructions,12.0,xml,Y,N,,,, , , ,,, , , , 
person,vadditionalcontactinfo,lastname,4.0,character varying,Y,N,,,, , , ,,, , , , 
person,vadditionalcontactinfo,middlename,3.0,character varying,Y,N,,,, , , ,,, , , , 
person,vadditionalcontactinfo,modifieddate,17.0,timestamp without time zone,Y,N,,,, , , ,,, , , , 
person,vadditionalcontactinfo,postalcode,10.0,xml,Y,N,,,, , , ,,, , , , 
person,vadditionalcontactinfo,rowguid,16.0,uuid,Y,N,,,, , , ,,, , , , 
person,vadditionalcontactinfo,stateprovince,9.0,xml,Y,N,,,, , , ,,, , , , 
person,vadditionalcontactinfo,street,7.0,xml,Y,N,,,, , , ,,, , , , 
person,vadditionalcontactinfo,telephonenumber,5.0,xml,Y,N,,,, , , ,,, , , , 
person,vadditionalcontactinfo,telephonespecialinstructions,6.0,text,Y,N,,,, , , ,,, , , , 
person,vstateprovincecountryregion, , , , , , , , , , , , ,index,ix_vstateprovincecountryregion, btree ,"stateprovinceid, countryregioncode", 
production,billofmaterials,billofmaterialsid,1.0,integer,,N,Y,,,nextval('production.billofmaterials_billofmaterialsid_seq'::regclass),PRIMARY KEY,PK_BillOfMaterials_BillOfMaterialsID,,constraint, , , , 
production,billofmaterials,bomlevel,7.0,smallint,,N,,,, , , ,,, , , , 
production,billofmaterials,componentid,3.0,integer,,N,,Y,, ,FOREIGN KEY,FK_BillOfMaterials_Product_ComponentID,product.productid,constraint, , , , 
production,billofmaterials,enddate,5.0,timestamp without time zone,Y,N,,,, , , ,,, , , , 
production,billofmaterials,modifieddate,9.0,timestamp without time zone,,N,,,,now(), , ,,, , , , 
production,billofmaterials,perassemblyqty,8.0,numeric,,N,,,,1.00, , ,,, , , , 
production,billofmaterials,productassemblyid,2.0,integer,Y,N,,Y,, ,FOREIGN KEY,FK_BillOfMaterials_Product_ProductAssemblyID,product.productid,constraint, , , , 
production,billofmaterials,startdate,4.0,timestamp without time zone,,N,,,,now(), , ,,, , , , 
production,billofmaterials,unitmeasurecode,6.0,character,,N,,Y,, ,FOREIGN KEY,FK_BillOfMaterials_UnitMeasure_UnitMeasureCode,unitmeasure.unitmeasurecode,constraint, , , , 
production,culture,cultureid,1.0,character,,N,Y,,, ,PRIMARY KEY,PK_Culture_CultureID,,constraint, , , , 
production,culture,modifieddate,3.0,timestamp without time zone,,N,,,,now(), , ,,, , , , 
production,culture,name,2.0,character varying,,N,,,, , , ,,, , , , 
production,document,changenumber,9.0,integer,,N,,,,0, , ,,, , , , 
production,document,document,12.0,bytea,Y,N,,,, , , ,,, , , , 
production,document,documentnode,15.0,character varying,,N,Y,,,'/'::character varying,PRIMARY KEY,PK_Document_DocumentNode,,constraint, , , , 
production,document,documentsummary,11.0,text,Y,N,,,, , , ,,, , , , 
production,document,fileextension,7.0,character varying,Y,N,,,, , , ,,, , , , 
production,document,filename,6.0,character varying,,N,,,, , , ,,, , , , 
production,document,folderflag,5.0,boolean,,N,,,,false, , ,,, , , , 
production,document,modifieddate,14.0,timestamp without time zone,,N,,,,now(), , ,,, , , , 
production,document,owner,4.0,integer,,N,,Y,, ,FOREIGN KEY,FK_Document_Employee_Owner,employee.businessentityid,constraint, , , , 
production,document,revision,8.0,character,,N,,,, , , ,,, , , , 
production,document,rowguid,13.0,uuid,,N,,,Y,uuid_generate_v1(),UNIQUE,document_rowguid_key,,index, , , , 
production,document,status,10.0,smallint,,N,,,, , , ,,, , , , 
production,document,title,3.0,character varying,,N,,,, , , ,,, , , , 
production,document, , , , , , , , , , , , ,index,document_rowguid_key, btree ,rowguid, 
production,illustration,diagram,2.0,xml,Y,N,,,, , , ,,, , , , 
production,illustration,illustrationid,1.0,integer,,N,Y,,,nextval('production.illustration_illustrationid_seq'::regclass),PRIMARY KEY,PK_Illustration_IllustrationID,,constraint, , , , 
production,illustration,modifieddate,3.0,timestamp without time zone,,N,,,,now(), , ,,, , , , 
production,location,availability,4.0,numeric,,N,,,,0.00, , ,,, , , , 
production,location,costrate,3.0,numeric,,N,,,,0.00, , ,,, , , , 
production,location,locationid,1.0,integer,,N,Y,,,nextval('production.location_locationid_seq'::regclass),PRIMARY KEY,PK_Location_LocationID,,constraint, , , , 
production,location,modifieddate,5.0,timestamp without time zone,,N,,,,now(), , ,,, , , , 
production,location,name,2.0,character varying,,N,,,, , , ,,, , , , 
production,product,class,17.0,character,Y,N,,,, , , ,,, , , , 
production,product,color,6.0,character varying,Y,N,,,, , , ,,, , , , 
production,product,daystomanufacture,15.0,integer,,N,,,, , , ,,, , , , 
production,product,discontinueddate,23.0,timestamp without time zone,Y,N,,,, , , ,,, , , , 
production,product,finishedgoodsflag,5.0,boolean,,N,,,,true, , ,,, , , , 
production,product,listprice,10.0,numeric,,N,,,, , , ,,, , , , 
production,product,makeflag,4.0,boolean,,N,,,,true, , ,,, , , , 
production,product,modifieddate,25.0,timestamp without time zone,,N,,,,now(), , ,,, , , , 
production,product,name,2.0,character varying,,N,,,, , , ,,, , , , 
production,product,productid,1.0,integer,,N,Y,,,nextval('production.product_productid_seq'::regclass),PRIMARY KEY,PK_Product_ProductID,,constraint, , , , 
production,product,productline,16.0,character,Y,N,,,, , , ,,, , , , 
production,product,productmodelid,20.0,integer,Y,N,,Y,, ,FOREIGN KEY,FK_Product_ProductModel_ProductModelID,productmodel.productmodelid,constraint, , , , 
production,product,productnumber,3.0,character varying,,N,,,, , , ,,, , , , 
production,product,productsubcategoryid,19.0,integer,Y,N,,Y,, ,FOREIGN KEY,FK_Product_ProductSubcategory_ProductSubcategoryID,productsubcategory.productsubcategoryid,constraint, , , , 
production,product,reorderpoint,8.0,smallint,,N,,,, , , ,,, , , , 
production,product,rowguid,24.0,uuid,,N,,,,uuid_generate_v1(), , ,,, , , , 
production,product,safetystocklevel,7.0,smallint,,N,,,, , , ,,, , , , 
production,product,sellenddate,22.0,timestamp without time zone,Y,N,,,, , , ,,, , , , 
production,product,sellstartdate,21.0,timestamp without time zone,,N,,,, , , ,,, , , , 
production,product,size,11.0,character varying,Y,N,,,, , , ,,, , , , 
production,product,sizeunitmeasurecode,12.0,character,Y,N,,Y,, ,FOREIGN KEY,FK_Product_UnitMeasure_SizeUnitMeasureCode,unitmeasure.unitmeasurecode,constraint, , , , 
production,product,standardcost,9.0,numeric,,N,,,, , , ,,, , , , 
production,product,style,18.0,character,Y,N,,,, , , ,,, , , , 
production,product,weight,14.0,numeric,Y,N,,,, , , ,,, , , , 
production,product,weightunitmeasurecode,13.0,character,Y,N,,Y,, ,FOREIGN KEY,FK_Product_UnitMeasure_WeightUnitMeasureCode,unitmeasure.unitmeasurecode,constraint, , , , 
production,productcategory,modifieddate,4.0,timestamp without time zone,,N,,,,now(), , ,,, , , , 
production,productcategory,name,2.0,character varying,,N,,,, , , ,,, , , , 
production,productcategory,productcategoryid,1.0,integer,,N,Y,,,nextval('production.productcategory_productcategoryid_seq'::regclass),PRIMARY KEY,PK_ProductCategory_ProductCategoryID,,constraint, , , , 
production,productcategory,rowguid,3.0,uuid,,N,,,,uuid_generate_v1(), , ,,, , , , 
production,productcosthistory,enddate,3.0,timestamp without time zone,Y,N,,,, , , ,,, , , , 
production,productcosthistory,modifieddate,5.0,timestamp without time zone,,N,,,,now(), , ,,, , , , 
production,productcosthistory,productid,1.0,integer,,N,,Y,, ,FOREIGN KEY,FK_ProductCostHistory_Product_ProductID,product.productid,constraint, , , , 
production,productcosthistory,productid,1.0,integer,,N,Y,,, ,PRIMARY KEY,PK_ProductCostHistory_ProductID_StartDate,,constraint, , , , 
production,productcosthistory,standardcost,4.0,numeric,,N,,,, , , ,,, , , , 
production,productcosthistory,startdate,2.0,timestamp without time zone,,N,Y,,, ,PRIMARY KEY,PK_ProductCostHistory_ProductID_StartDate,,constraint, , , , 
production,productdescription,description,2.0,character varying,,N,,,, , , ,,, , , , 
production,productdescription,modifieddate,4.0,timestamp without time zone,,N,,,,now(), , ,,, , , , 
production,productdescription,productdescriptionid,1.0,integer,,N,Y,,,nextval('production.productdescription_productdescriptionid_seq'::regclass),PRIMARY KEY,PK_ProductDescription_ProductDescriptionID,,constraint, , , , 
production,productdescription,rowguid,3.0,uuid,,N,,,,uuid_generate_v1(), , ,,, , , , 
production,productdocument,documentnode,4.0,character varying,,N,Y,,,'/'::character varying,PRIMARY KEY,PK_ProductDocument_ProductID_DocumentNode,,constraint, , , , 
production,productdocument,documentnode,4.0,character varying,,N,,Y,,'/'::character varying,FOREIGN KEY,FK_ProductDocument_Document_DocumentNode,document.documentnode,constraint, , , , 
production,productdocument,modifieddate,3.0,timestamp without time zone,,N,,,,now(), , ,,, , , , 
production,productdocument,productid,1.0,integer,,N,Y,,, ,PRIMARY KEY,PK_ProductDocument_ProductID_DocumentNode,,constraint, , , , 
production,productdocument,productid,1.0,integer,,N,,Y,, ,FOREIGN KEY,FK_ProductDocument_Product_ProductID,product.productid,constraint, , , , 
production,productinventory,bin,4.0,smallint,,N,,,, , , ,,, , , , 
production,productinventory,locationid,2.0,smallint,,N,,Y,, ,FOREIGN KEY,FK_ProductInventory_Location_LocationID,location.locationid,constraint, , , , 
production,productinventory,locationid,2.0,smallint,,N,Y,,, ,PRIMARY KEY,PK_ProductInventory_ProductID_LocationID,,constraint, , , , 
production,productinventory,modifieddate,7.0,timestamp without time zone,,N,,,,now(), , ,,, , , , 
production,productinventory,productid,1.0,integer,,N,Y,,, ,PRIMARY KEY,PK_ProductInventory_ProductID_LocationID,,constraint, , , , 
production,productinventory,productid,1.0,integer,,N,,Y,, ,FOREIGN KEY,FK_ProductInventory_Product_ProductID,product.productid,constraint, , , , 
production,productinventory,quantity,5.0,smallint,,N,,,,0, , ,,, , , , 
production,productinventory,rowguid,6.0,uuid,,N,,,,uuid_generate_v1(), , ,,, , , , 
production,productinventory,shelf,3.0,character varying,,N,,,, , , ,,, , , , 
production,productlistpricehistory,enddate,3.0,timestamp without time zone,Y,N,,,, , , ,,, , , , 
production,productlistpricehistory,listprice,4.0,numeric,,N,,,, , , ,,, , , , 
production,productlistpricehistory,modifieddate,5.0,timestamp without time zone,,N,,,,now(), , ,,, , , , 
production,productlistpricehistory,productid,1.0,integer,,N,,Y,, ,FOREIGN KEY,FK_ProductListPriceHistory_Product_ProductID,product.productid,constraint, , , , 
production,productlistpricehistory,productid,1.0,integer,,N,Y,,, ,PRIMARY KEY,PK_ProductListPriceHistory_ProductID_StartDate,,constraint, , , , 
production,productlistpricehistory,startdate,2.0,timestamp without time zone,,N,Y,,, ,PRIMARY KEY,PK_ProductListPriceHistory_ProductID_StartDate,,constraint, , , , 
production,productmodel,catalogdescription,3.0,xml,Y,N,,,, , , ,,, , , , 
production,productmodel,instructions,4.0,xml,Y,N,,,, , , ,,, , , , 
production,productmodel,modifieddate,6.0,timestamp without time zone,,N,,,,now(), , ,,, , , , 
production,productmodel,name,2.0,character varying,,N,,,, , , ,,, , , , 
production,productmodel,productmodelid,1.0,integer,,N,Y,,,nextval('production.productmodel_productmodelid_seq'::regclass),PRIMARY KEY,PK_ProductModel_ProductModelID,,constraint, , , , 
production,productmodel,rowguid,5.0,uuid,,N,,,,uuid_generate_v1(), , ,,, , , , 
production,productmodelillustration,illustrationid,2.0,integer,,N,Y,,, ,PRIMARY KEY,PK_ProductModelIllustration_ProductModelID_IllustrationID,,constraint, , , , 
production,productmodelillustration,illustrationid,2.0,integer,,N,,Y,, ,FOREIGN KEY,FK_ProductModelIllustration_Illustration_IllustrationID,illustration.illustrationid,constraint, , , , 
production,productmodelillustration,modifieddate,3.0,timestamp without time zone,,N,,,,now(), , ,,, , , , 
production,productmodelillustration,productmodelid,1.0,integer,,N,Y,,, ,PRIMARY KEY,PK_ProductModelIllustration_ProductModelID_IllustrationID,,constraint, , , , 
production,productmodelillustration,productmodelid,1.0,integer,,N,,Y,, ,FOREIGN KEY,FK_ProductModelIllustration_ProductModel_ProductModelID,productmodel.productmodelid,constraint, , , , 
production,productmodelproductdescriptionculture,cultureid,3.0,character,,N,,Y,, ,FOREIGN KEY,FK_ProductModelProductDescriptionCulture_Culture_CultureID,culture.cultureid,constraint, , , , 
production,productmodelproductdescriptionculture,cultureid,3.0,character,,N,Y,,, ,PRIMARY KEY,PK_ProductModelProductDescriptionCulture_ProductModelID_Product,,constraint, , , , 
production,productmodelproductdescriptionculture,modifieddate,4.0,timestamp without time zone,,N,,,,now(), , ,,, , , , 
production,productmodelproductdescriptionculture,productdescriptionid,2.0,integer,,N,,Y,, ,FOREIGN KEY,FK_ProductModelProductDescriptionCulture_ProductDescription_Pro,productdescription.productdescriptionid,constraint, , , , 
production,productmodelproductdescriptionculture,productdescriptionid,2.0,integer,,N,Y,,, ,PRIMARY KEY,PK_ProductModelProductDescriptionCulture_ProductModelID_Product,,constraint, , , , 
production,productmodelproductdescriptionculture,productmodelid,1.0,integer,,N,,Y,, ,FOREIGN KEY,FK_ProductModelProductDescriptionCulture_ProductModel_ProductMo,productmodel.productmodelid,constraint, , , , 
production,productmodelproductdescriptionculture,productmodelid,1.0,integer,,N,Y,,, ,PRIMARY KEY,PK_ProductModelProductDescriptionCulture_ProductModelID_Product,,constraint, , , , 
production,productphoto,largephoto,4.0,bytea,Y,N,,,, , , ,,, , , , 
production,productphoto,largephotofilename,5.0,character varying,Y,N,,,, , , ,,, , , , 
production,productphoto,modifieddate,6.0,timestamp without time zone,,N,,,,now(), , ,,, , , , 
production,productphoto,productphotoid,1.0,integer,,N,Y,,,nextval('production.productphoto_productphotoid_seq'::regclass),PRIMARY KEY,PK_ProductPhoto_ProductPhotoID,,constraint, , , , 
production,productphoto,thumbnailphoto,2.0,bytea,Y,N,,,, , , ,,, , , , 
production,productphoto,thumbnailphotofilename,3.0,character varying,Y,N,,,, , , ,,, , , , 
production,productproductphoto,modifieddate,4.0,timestamp without time zone,,N,,,,now(), , ,,, , , , 
production,productproductphoto,primary,3.0,boolean,,N,,,,false, , ,,, , , , 
production,productproductphoto,productid,1.0,integer,,N,Y,,, ,PRIMARY KEY,PK_ProductProductPhoto_ProductID_ProductPhotoID,,constraint, , , , 
production,productproductphoto,productid,1.0,integer,,N,,Y,, ,FOREIGN KEY,FK_ProductProductPhoto_Product_ProductID,product.productid,constraint, , , , 
production,productproductphoto,productphotoid,2.0,integer,,N,,Y,, ,FOREIGN KEY,FK_ProductProductPhoto_ProductPhoto_ProductPhotoID,productphoto.productphotoid,constraint, , , , 
production,productproductphoto,productphotoid,2.0,integer,,N,Y,,, ,PRIMARY KEY,PK_ProductProductPhoto_ProductID_ProductPhotoID,,constraint, , , , 
production,productreview,comments,7.0,character varying,Y,N,,,, , , ,,, , , , 
production,productreview,emailaddress,5.0,character varying,,N,,,, , , ,,, , , , 
production,productreview,modifieddate,8.0,timestamp without time zone,,N,,,,now(), , ,,, , , , 
production,productreview,productid,2.0,integer,,N,,,, , , ,,, , , , 
production,productreview,productreviewid,1.0,integer,,N,Y,,,nextval('production.productreview_productreviewid_seq'::regclass),PRIMARY KEY,PK_ProductReview_ProductReviewID,,constraint, , , , 
production,productreview,rating,6.0,integer,,N,,,, , , ,,, , , , 
production,productreview,reviewdate,4.0,timestamp without time zone,,N,,,,now(), , ,,, , , , 
production,productreview,reviewername,3.0,character varying,,N,,,, , , ,,, , , , 
production,productsubcategory,modifieddate,5.0,timestamp without time zone,,N,,,,now(), , ,,, , , , 
production,productsubcategory,name,3.0,character varying,,N,,,, , , ,,, , , , 
production,productsubcategory,productcategoryid,2.0,integer,,N,,Y,, ,FOREIGN KEY,FK_ProductSubcategory_ProductCategory_ProductCategoryID,productcategory.productcategoryid,constraint, , , , 
production,productsubcategory,productsubcategoryid,1.0,integer,,N,Y,,,nextval('production.productsubcategory_productsubcategoryid_seq'::regclass),PRIMARY KEY,PK_ProductSubcategory_ProductSubcategoryID,,constraint, , , , 
production,productsubcategory,rowguid,4.0,uuid,,N,,,,uuid_generate_v1(), , ,,, , , , 
production,scrapreason,modifieddate,3.0,timestamp without time zone,,N,,,,now(), , ,,, , , , 
production,scrapreason,name,2.0,character varying,,N,,,, , , ,,, , , , 
production,scrapreason,scrapreasonid,1.0,integer,,N,Y,,,nextval('production.scrapreason_scrapreasonid_seq'::regclass),PRIMARY KEY,PK_ScrapReason_ScrapReasonID,,constraint, , , , 
production,transactionhistory,actualcost,8.0,numeric,,N,,,, , , ,,, , , , 
production,transactionhistory,modifieddate,9.0,timestamp without time zone,,N,,,,now(), , ,,, , , , 
production,transactionhistory,productid,2.0,integer,,N,,Y,, ,FOREIGN KEY,FK_TransactionHistory_Product_ProductID,product.productid,constraint, , , , 
production,transactionhistory,quantity,7.0,integer,,N,,,, , , ,,, , , , 
production,transactionhistory,referenceorderid,3.0,integer,,N,,,, , , ,,, , , , 
production,transactionhistory,referenceorderlineid,4.0,integer,,N,,,,0, , ,,, , , , 
production,transactionhistory,transactiondate,5.0,timestamp without time zone,,N,,,,now(), , ,,, , , , 
production,transactionhistory,transactionid,1.0,integer,,N,Y,,,nextval('production.transactionhistory_transactionid_seq'::regclass),PRIMARY KEY,PK_TransactionHistory_TransactionID,,constraint, , , , 
production,transactionhistory,transactiontype,6.0,character,,N,,,, , , ,,, , , , 
production,transactionhistoryarchive,actualcost,8.0,numeric,,N,,,, , , ,,, , , , 
production,transactionhistoryarchive,modifieddate,9.0,timestamp without time zone,,N,,,,now(), , ,,, , , , 
production,transactionhistoryarchive,productid,2.0,integer,,N,,,, , , ,,, , , , 
production,transactionhistoryarchive,quantity,7.0,integer,,N,,,, , , ,,, , , , 
production,transactionhistoryarchive,referenceorderid,3.0,integer,,N,,,, , , ,,, , , , 
production,transactionhistoryarchive,referenceorderlineid,4.0,integer,,N,,,,0, , ,,, , , , 
production,transactionhistoryarchive,transactiondate,5.0,timestamp without time zone,,N,,,,now(), , ,,, , , , 
production,transactionhistoryarchive,transactionid,1.0,integer,,N,Y,,, ,PRIMARY KEY,PK_TransactionHistoryArchive_TransactionID,,constraint, , , , 
production,transactionhistoryarchive,transactiontype,6.0,character,,N,,,, , , ,,, , , , 
production,unitmeasure,modifieddate,3.0,timestamp without time zone,,N,,,,now(), , ,,, , , , 
production,unitmeasure,name,2.0,character varying,,N,,,, , , ,,, , , , 
production,unitmeasure,unitmeasurecode,1.0,character,,N,Y,,, ,PRIMARY KEY,PK_UnitMeasure_UnitMeasureCode,,constraint, , , , 
production,vproductanddescription, , , , , , , , , , , , ,index,ix_vproductanddescription, btree ,"cultureid, productid", 
production,vproductmodelcatalogdescription,Summary,3.0,character varying,Y,N,,,, , , ,,, , , , 
production,vproductmodelcatalogdescription,bikeframe,14.0,character varying,Y,N,,,, , , ,,, , , , 
production,vproductmodelcatalogdescription,color,20.0,character varying,Y,N,,,, , , ,,, , , , 
production,vproductmodelcatalogdescription,copyright,5.0,character varying,Y,N,,,, , , ,,, , , , 
production,vproductmodelcatalogdescription,crankset,15.0,character varying,Y,N,,,, , , ,,, , , , 
production,vproductmodelcatalogdescription,maintenancedescription,10.0,character varying,Y,N,,,, , , ,,, , , , 
production,vproductmodelcatalogdescription,manufacturer,4.0,character varying,Y,N,,,, , , ,,, , , , 
production,vproductmodelcatalogdescription,material,19.0,character varying,Y,N,,,, , , ,,, , , , 
production,vproductmodelcatalogdescription,modifieddate,25.0,timestamp without time zone,Y,N,,,, , , ,,, , , , 
production,vproductmodelcatalogdescription,name,2.0,character varying,Y,N,,,, , , ,,, , , , 
production,vproductmodelcatalogdescription,noofyears,9.0,character varying,Y,N,,,, , , ,,, , , , 
production,vproductmodelcatalogdescription,pedal,13.0,character varying,Y,N,,,, , , ,,, , , , 
production,vproductmodelcatalogdescription,pictureangle,16.0,character varying,Y,N,,,, , , ,,, , , , 
production,vproductmodelcatalogdescription,picturesize,17.0,character varying,Y,N,,,, , , ,,, , , , 
production,vproductmodelcatalogdescription,productline,21.0,character varying,Y,N,,,, , , ,,, , , , 
production,vproductmodelcatalogdescription,productmodelid,1.0,integer,Y,N,,,, , , ,,, , , , 
production,vproductmodelcatalogdescription,productphotoid,18.0,character varying,Y,N,,,, , , ,,, , , , 
production,vproductmodelcatalogdescription,producturl,6.0,character varying,Y,N,,,, , , ,,, , , , 
production,vproductmodelcatalogdescription,riderexperience,23.0,character varying,Y,N,,,, , , ,,, , , , 
production,vproductmodelcatalogdescription,rowguid,24.0,uuid,Y,N,,,, , , ,,, , , , 
production,vproductmodelcatalogdescription,saddle,12.0,character varying,Y,N,,,, , , ,,, , , , 
production,vproductmodelcatalogdescription,style,22.0,character varying,Y,N,,,, , , ,,, , , , 
production,vproductmodelcatalogdescription,warrantydescription,8.0,character varying,Y,N,,,, , , ,,, , , , 
production,vproductmodelcatalogdescription,warrantyperiod,7.0,character varying,Y,N,,,, , , ,,, , , , 
production,vproductmodelcatalogdescription,wheel,11.0,character varying,Y,N,,,, , , ,,, , , , 
production,vproductmodelinstructions,LaborHours,7.0,numeric,Y,N,,,, , , ,,, , , , 
production,vproductmodelinstructions,LocationID,4.0,integer,Y,N,,,, , , ,,, , , , 
production,vproductmodelinstructions,LotSize,8.0,integer,Y,N,,,, , , ,,, , , , 
production,vproductmodelinstructions,MachineHours,6.0,numeric,Y,N,,,, , , ,,, , , , 
production,vproductmodelinstructions,SetupHours,5.0,numeric,Y,N,,,, , , ,,, , , , 
production,vproductmodelinstructions,Step,9.0,character varying,Y,N,,,, , , ,,, , , , 
production,vproductmodelinstructions,instructions,3.0,character varying,Y,N,,,, , , ,,, , , , 
production,vproductmodelinstructions,modifieddate,11.0,timestamp without time zone,Y,N,,,, , , ,,, , , , 
production,vproductmodelinstructions,name,2.0,character varying,Y,N,,,, , , ,,, , , , 
production,vproductmodelinstructions,productmodelid,1.0,integer,Y,N,,,, , , ,,, , , , 
production,vproductmodelinstructions,rowguid,10.0,uuid,Y,N,,,, , , ,,, , , , 
production,workorder,duedate,8.0,timestamp without time zone,,N,,,, , , ,,, , , , 
production,workorder,enddate,7.0,timestamp without time zone,Y,N,,,, , , ,,, , , , 
production,workorder,modifieddate,10.0,timestamp without time zone,,N,,,,now(), , ,,, , , , 
production,workorder,orderqty,3.0,integer,,N,,,, , , ,,, , , , 
production,workorder,productid,2.0,integer,,N,,Y,, ,FOREIGN KEY,FK_WorkOrder_Product_ProductID,product.productid,constraint, , , , 
production,workorder,scrappedqty,5.0,smallint,,N,,,, , , ,,, , , , 
production,workorder,scrapreasonid,9.0,smallint,Y,N,,Y,, ,FOREIGN KEY,FK_WorkOrder_ScrapReason_ScrapReasonID,scrapreason.scrapreasonid,constraint, , , , 
production,workorder,startdate,6.0,timestamp without time zone,,N,,,, , , ,,, , , , 
production,workorder,workorderid,1.0,integer,,N,Y,,,nextval('production.workorder_workorderid_seq'::regclass),PRIMARY KEY,PK_WorkOrder_WorkOrderID,,constraint, , , , 
production,workorderrouting,actualcost,11.0,numeric,Y,N,,,, , , ,,, , , , 
production,workorderrouting,actualenddate,8.0,timestamp without time zone,Y,N,,,, , , ,,, , , , 
production,workorderrouting,actualresourcehrs,9.0,numeric,Y,N,,,, , , ,,, , , , 
production,workorderrouting,actualstartdate,7.0,timestamp without time zone,Y,N,,,, , , ,,, , , , 
production,workorderrouting,locationid,4.0,smallint,,N,,Y,, ,FOREIGN KEY,FK_WorkOrderRouting_Location_LocationID,location.locationid,constraint, , , , 
production,workorderrouting,modifieddate,12.0,timestamp without time zone,,N,,,,now(), , ,,, , , , 
production,workorderrouting,operationsequence,3.0,smallint,,N,Y,,, ,PRIMARY KEY,PK_WorkOrderRouting_WorkOrderID_ProductID_OperationSequence,,constraint, , , , 
production,workorderrouting,plannedcost,10.0,numeric,,N,,,, , , ,,, , , , 
production,workorderrouting,productid,2.0,integer,,N,Y,,, ,PRIMARY KEY,PK_WorkOrderRouting_WorkOrderID_ProductID_OperationSequence,,constraint, , , , 
production,workorderrouting,scheduledenddate,6.0,timestamp without time zone,,N,,,, , , ,,, , , , 
production,workorderrouting,scheduledstartdate,5.0,timestamp without time zone,,N,,,, , , ,,, , , , 
production,workorderrouting,workorderid,1.0,integer,,N,,Y,, ,FOREIGN KEY,FK_WorkOrderRouting_WorkOrder_WorkOrderID,workorder.workorderid,constraint, , , , 
production,workorderrouting,workorderid,1.0,integer,,N,Y,,, ,PRIMARY KEY,PK_WorkOrderRouting_WorkOrderID_ProductID_OperationSequence,,constraint, , , , 
purchasing,productvendor,averageleadtime,3.0,integer,,N,,,, , , ,,, , , , 
purchasing,productvendor,businessentityid,2.0,integer,,N,Y,,, ,PRIMARY KEY,PK_ProductVendor_ProductID_BusinessEntityID,,constraint, , , , 
purchasing,productvendor,businessentityid,2.0,integer,,N,,Y,, ,FOREIGN KEY,FK_ProductVendor_Vendor_BusinessEntityID,vendor.businessentityid,constraint, , , , 
purchasing,productvendor,lastreceiptcost,5.0,numeric,Y,N,,,, , , ,,, , , , 
purchasing,productvendor,lastreceiptdate,6.0,timestamp without time zone,Y,N,,,, , , ,,, , , , 
purchasing,productvendor,maxorderqty,8.0,integer,,N,,,, , , ,,, , , , 
purchasing,productvendor,minorderqty,7.0,integer,,N,,,, , , ,,, , , , 
purchasing,productvendor,modifieddate,11.0,timestamp without time zone,,N,,,,now(), , ,,, , , , 
purchasing,productvendor,onorderqty,9.0,integer,Y,N,,,, , , ,,, , , , 
purchasing,productvendor,productid,1.0,integer,,N,,Y,, ,FOREIGN KEY,FK_ProductVendor_Product_ProductID,product.productid,constraint, , , , 
purchasing,productvendor,productid,1.0,integer,,N,Y,,, ,PRIMARY KEY,PK_ProductVendor_ProductID_BusinessEntityID,,constraint, , , , 
purchasing,productvendor,standardprice,4.0,numeric,,N,,,, , , ,,, , , , 
purchasing,productvendor,unitmeasurecode,10.0,character,,N,,Y,, ,FOREIGN KEY,FK_ProductVendor_UnitMeasure_UnitMeasureCode,unitmeasure.unitmeasurecode,constraint, , , , 
purchasing,purchaseorderdetail,duedate,3.0,timestamp without time zone,,N,,,, , , ,,, , , , 
purchasing,purchaseorderdetail,modifieddate,11.0,timestamp without time zone,,N,,,,now(), , ,,, , , , 
purchasing,purchaseorderdetail,orderqty,4.0,smallint,,N,,,, , , ,,, , , , 
purchasing,purchaseorderdetail,productid,5.0,integer,,N,,Y,, ,FOREIGN KEY,FK_PurchaseOrderDetail_Product_ProductID,product.productid,constraint, , , , 
purchasing,purchaseorderdetail,purchaseorderdetailid,2.0,integer,,N,Y,,,nextval('purchasing.purchaseorderdetail_purchaseorderdetailid_seq'::regclass),PRIMARY KEY,PK_PurchaseOrderDetail_PurchaseOrderID_PurchaseOrderDetailID,,constraint, , , , 
purchasing,purchaseorderdetail,purchaseorderid,1.0,integer,,N,Y,,, ,PRIMARY KEY,PK_PurchaseOrderDetail_PurchaseOrderID_PurchaseOrderDetailID,,constraint, , , , 
purchasing,purchaseorderdetail,purchaseorderid,1.0,integer,,N,,Y,, ,FOREIGN KEY,FK_PurchaseOrderDetail_PurchaseOrderHeader_PurchaseOrderID,purchaseorderheader.purchaseorderid,constraint, , , , 
purchasing,purchaseorderdetail,receivedqty,8.0,numeric,,N,,,, , , ,,, , , , 
purchasing,purchaseorderdetail,rejectedqty,9.0,numeric,,N,,,, , , ,,, , , , 
purchasing,purchaseorderdetail,unitprice,6.0,numeric,,N,,,, , , ,,, , , , 
purchasing,purchaseorderheader,employeeid,4.0,integer,,N,,Y,, ,FOREIGN KEY,FK_PurchaseOrderHeader_Employee_EmployeeID,employee.businessentityid,constraint, , , , 
purchasing,purchaseorderheader,freight,11.0,numeric,,N,,,,0.00, , ,,, , , , 
purchasing,purchaseorderheader,modifieddate,13.0,timestamp without time zone,,N,,,,now(), , ,,, , , , 
purchasing,purchaseorderheader,orderdate,7.0,timestamp without time zone,,N,,,,now(), , ,,, , , , 
purchasing,purchaseorderheader,purchaseorderid,1.0,integer,,N,Y,,,nextval('purchasing.purchaseorderheader_purchaseorderid_seq'::regclass),PRIMARY KEY,PK_PurchaseOrderHeader_PurchaseOrderID,,constraint, , , , 
purchasing,purchaseorderheader,revisionnumber,2.0,smallint,,N,,,,0, , ,,, , , , 
purchasing,purchaseorderheader,shipdate,8.0,timestamp without time zone,Y,N,,,, , , ,,, , , , 
purchasing,purchaseorderheader,shipmethodid,6.0,integer,,N,,Y,, ,FOREIGN KEY,FK_PurchaseOrderHeader_ShipMethod_ShipMethodID,shipmethod.shipmethodid,constraint, , , , 
purchasing,purchaseorderheader,status,3.0,smallint,,N,,,,1, , ,,, , , , 
purchasing,purchaseorderheader,subtotal,9.0,numeric,,N,,,,0.00, , ,,, , , , 
purchasing,purchaseorderheader,taxamt,10.0,numeric,,N,,,,0.00, , ,,, , , , 
purchasing,purchaseorderheader,vendorid,5.0,integer,,N,,Y,, ,FOREIGN KEY,FK_PurchaseOrderHeader_Vendor_VendorID,vendor.businessentityid,constraint, , , , 
purchasing,shipmethod,modifieddate,6.0,timestamp without time zone,,N,,,,now(), , ,,, , , , 
purchasing,shipmethod,name,2.0,character varying,,N,,,, , , ,,, , , , 
purchasing,shipmethod,rowguid,5.0,uuid,,N,,,,uuid_generate_v1(), , ,,, , , , 
purchasing,shipmethod,shipbase,3.0,numeric,,N,,,,0.00, , ,,, , , , 
purchasing,shipmethod,shipmethodid,1.0,integer,,N,Y,,,nextval('purchasing.shipmethod_shipmethodid_seq'::regclass),PRIMARY KEY,PK_ShipMethod_ShipMethodID,,constraint, , , , 
purchasing,shipmethod,shiprate,4.0,numeric,,N,,,,0.00, , ,,, , , , 
purchasing,vendor,accountnumber,2.0,character varying,,N,,,, , , ,,, , , , 
purchasing,vendor,activeflag,6.0,boolean,,N,,,,true, , ,,, , , , 
purchasing,vendor,businessentityid,1.0,integer,,N,,Y,, ,FOREIGN KEY,FK_Vendor_BusinessEntity_BusinessEntityID,businessentity.businessentityid,constraint, , , , 
purchasing,vendor,businessentityid,1.0,integer,,N,Y,,, ,PRIMARY KEY,PK_Vendor_BusinessEntityID,,constraint, , , , 
purchasing,vendor,creditrating,4.0,smallint,,N,,,, , , ,,, , , , 
purchasing,vendor,modifieddate,8.0,timestamp without time zone,,N,,,,now(), , ,,, , , , 
purchasing,vendor,name,3.0,character varying,,N,,,, , , ,,, , , , 
purchasing,vendor,preferredvendorstatus,5.0,boolean,,N,,,,true, , ,,, , , , 
purchasing,vendor,purchasingwebserviceurl,7.0,character varying,Y,N,,,, , , ,,, , , , 
purchasing,vvendorwithaddresses,addressline1,4.0,character varying,Y,N,,,, , , ,,, , , , 
purchasing,vvendorwithaddresses,addressline2,5.0,character varying,Y,N,,,, , , ,,, , , , 
purchasing,vvendorwithaddresses,addresstype,3.0,character varying,Y,N,,,, , , ,,, , , , 
purchasing,vvendorwithaddresses,businessentityid,1.0,integer,Y,N,,,, , , ,,, , , , 
purchasing,vvendorwithaddresses,city,6.0,character varying,Y,N,,,, , , ,,, , , , 
purchasing,vvendorwithaddresses,countryregionname,9.0,character varying,Y,N,,,, , , ,,, , , , 
purchasing,vvendorwithaddresses,name,2.0,character varying,Y,N,,,, , , ,,, , , , 
purchasing,vvendorwithaddresses,postalcode,8.0,character varying,Y,N,,,, , , ,,, , , , 
purchasing,vvendorwithaddresses,stateprovincename,7.0,character varying,Y,N,,,, , , ,,, , , , 
purchasing,vvendorwithcontacts,businessentityid,1.0,integer,Y,N,,,, , , ,,, , , , 
purchasing,vvendorwithcontacts,contacttype,3.0,character varying,Y,N,,,, , , ,,, , , , 
purchasing,vvendorwithcontacts,emailaddress,11.0,character varying,Y,N,,,, , , ,,, , , , 
purchasing,vvendorwithcontacts,emailpromotion,12.0,integer,Y,N,,,, , , ,,, , , , 
purchasing,vvendorwithcontacts,firstname,5.0,character varying,Y,N,,,, , , ,,, , , , 
purchasing,vvendorwithcontacts,lastname,7.0,character varying,Y,N,,,, , , ,,, , , , 
purchasing,vvendorwithcontacts,middlename,6.0,character varying,Y,N,,,, , , ,,, , , , 
purchasing,vvendorwithcontacts,name,2.0,character varying,Y,N,,,, , , ,,, , , , 
purchasing,vvendorwithcontacts,phonenumber,9.0,character varying,Y,N,,,, , , ,,, , , , 
purchasing,vvendorwithcontacts,phonenumbertype,10.0,character varying,Y,N,,,, , , ,,, , , , 
purchasing,vvendorwithcontacts,suffix,8.0,character varying,Y,N,,,, , , ,,, , , , 
purchasing,vvendorwithcontacts,title,4.0,character varying,Y,N,,,, , , ,,, , , , 
sales,countryregioncurrency,countryregioncode,1.0,character varying,,N,,Y,, ,FOREIGN KEY,FK_CountryRegionCurrency_CountryRegion_CountryRegionCode,countryregion.countryregioncode,constraint, , , , 
sales,countryregioncurrency,countryregioncode,1.0,character varying,,N,Y,,, ,PRIMARY KEY,PK_CountryRegionCurrency_CountryRegionCode_CurrencyCode,,constraint, , , , 
sales,countryregioncurrency,currencycode,2.0,character,,N,,Y,, ,FOREIGN KEY,FK_CountryRegionCurrency_Currency_CurrencyCode,currency.currencycode,constraint, , , , 
sales,countryregioncurrency,currencycode,2.0,character,,N,Y,,, ,PRIMARY KEY,PK_CountryRegionCurrency_CountryRegionCode_CurrencyCode,,constraint, , , , 
sales,countryregioncurrency,modifieddate,3.0,timestamp without time zone,,N,,,,now(), , ,,, , , , 
sales,creditcard,cardnumber,3.0,character varying,,N,,,, , , ,,, , , , 
sales,creditcard,cardtype,2.0,character varying,,N,,,, , , ,,, , , , 
sales,creditcard,creditcardid,1.0,integer,,N,Y,,,nextval('sales.creditcard_creditcardid_seq'::regclass),PRIMARY KEY,PK_CreditCard_CreditCardID,,constraint, , , , 
sales,creditcard,expmonth,4.0,smallint,,N,,,, , , ,,, , , , 
sales,creditcard,expyear,5.0,smallint,,N,,,, , , ,,, , , , 
sales,creditcard,modifieddate,6.0,timestamp without time zone,,N,,,,now(), , ,,, , , , 
sales,currency,currencycode,1.0,character,,N,Y,,, ,PRIMARY KEY,PK_Currency_CurrencyCode,,constraint, , , , 
sales,currency,modifieddate,3.0,timestamp without time zone,,N,,,,now(), , ,,, , , , 
sales,currency,name,2.0,character varying,,N,,,, , , ,,, , , , 
sales,currencyrate,averagerate,5.0,numeric,,N,,,, , , ,,, , , , 
sales,currencyrate,currencyratedate,2.0,timestamp without time zone,,N,,,, , , ,,, , , , 
sales,currencyrate,currencyrateid,1.0,integer,,N,Y,,,nextval('sales.currencyrate_currencyrateid_seq'::regclass),PRIMARY KEY,PK_CurrencyRate_CurrencyRateID,,constraint, , , , 
sales,currencyrate,endofdayrate,6.0,numeric,,N,,,, , , ,,, , , , 
sales,currencyrate,fromcurrencycode,3.0,character,,N,,Y,, ,FOREIGN KEY,FK_CurrencyRate_Currency_FromCurrencyCode,currency.currencycode,constraint, , , , 
sales,currencyrate,modifieddate,7.0,timestamp without time zone,,N,,,,now(), , ,,, , , , 
sales,currencyrate,tocurrencycode,4.0,character,,N,,Y,, ,FOREIGN KEY,FK_CurrencyRate_Currency_ToCurrencyCode,currency.currencycode,constraint, , , , 
sales,customer,customerid,1.0,integer,,N,Y,,,nextval('sales.customer_customerid_seq'::regclass),PRIMARY KEY,PK_Customer_CustomerID,,constraint, , , , 
sales,customer,modifieddate,7.0,timestamp without time zone,,N,,,,now(), , ,,, , , , 
sales,customer,personid,2.0,integer,Y,N,,Y,, ,FOREIGN KEY,FK_Customer_Person_PersonID,person.businessentityid,constraint, , , , 
sales,customer,rowguid,6.0,uuid,,N,,,,uuid_generate_v1(), , ,,, , , , 
sales,customer,storeid,3.0,integer,Y,N,,Y,, ,FOREIGN KEY,FK_Customer_Store_StoreID,store.businessentityid,constraint, , , , 
sales,customer,territoryid,4.0,integer,Y,N,,Y,, ,FOREIGN KEY,FK_Customer_SalesTerritory_TerritoryID,salesterritory.territoryid,constraint, , , , 
sales,personcreditcard,businessentityid,1.0,integer,,N,,Y,, ,FOREIGN KEY,FK_PersonCreditCard_Person_BusinessEntityID,person.businessentityid,constraint, , , , 
sales,personcreditcard,businessentityid,1.0,integer,,N,Y,,, ,PRIMARY KEY,PK_PersonCreditCard_BusinessEntityID_CreditCardID,,constraint, , , , 
sales,personcreditcard,creditcardid,2.0,integer,,N,,Y,, ,FOREIGN KEY,FK_PersonCreditCard_CreditCard_CreditCardID,creditcard.creditcardid,constraint, , , , 
sales,personcreditcard,creditcardid,2.0,integer,,N,Y,,, ,PRIMARY KEY,PK_PersonCreditCard_BusinessEntityID_CreditCardID,,constraint, , , , 
sales,personcreditcard,modifieddate,3.0,timestamp without time zone,,N,,,,now(), , ,,, , , , 
sales,salesorderdetail,carriertrackingnumber,3.0,character varying,Y,N,,,, , , ,,, , , , 
sales,salesorderdetail,modifieddate,11.0,timestamp without time zone,,N,,,,now(), , ,,, , , , 
sales,salesorderdetail,orderqty,4.0,smallint,,N,,,, , , ,,, , , , 
sales,salesorderdetail,productid,5.0,integer,,N,,Y,, ,FOREIGN KEY,FK_SalesOrderDetail_SpecialOfferProduct_SpecialOfferIDProductID,specialofferproduct.specialofferid,constraint, , , , 
sales,salesorderdetail,productid,5.0,integer,,N,,Y,, ,FOREIGN KEY,FK_SalesOrderDetail_SpecialOfferProduct_SpecialOfferIDProductID,specialofferproduct.productid,constraint, , , , 
sales,salesorderdetail,rowguid,10.0,uuid,,N,,,,uuid_generate_v1(), , ,,, , , , 
sales,salesorderdetail,salesorderdetailid,2.0,integer,,N,Y,,,nextval('sales.salesorderdetail_salesorderdetailid_seq'::regclass),PRIMARY KEY,PK_SalesOrderDetail_SalesOrderID_SalesOrderDetailID,,constraint, , , , 
sales,salesorderdetail,salesorderid,1.0,integer,,N,,Y,, ,FOREIGN KEY,FK_SalesOrderDetail_SalesOrderHeader_SalesOrderID,salesorderheader.salesorderid,constraint, , , , 
sales,salesorderdetail,salesorderid,1.0,integer,,N,Y,,, ,PRIMARY KEY,PK_SalesOrderDetail_SalesOrderID_SalesOrderDetailID,,constraint, , , , 
sales,salesorderdetail,specialofferid,6.0,integer,,N,,Y,, ,FOREIGN KEY,FK_SalesOrderDetail_SpecialOfferProduct_SpecialOfferIDProductID,specialofferproduct.productid,constraint, , , , 
sales,salesorderdetail,specialofferid,6.0,integer,,N,,Y,, ,FOREIGN KEY,FK_SalesOrderDetail_SpecialOfferProduct_SpecialOfferIDProductID,specialofferproduct.specialofferid,constraint, , , , 
sales,salesorderdetail,unitprice,7.0,numeric,,N,,,, , , ,,, , , , 
sales,salesorderdetail,unitpricediscount,8.0,numeric,,N,,,,0.0, , ,,, , , , 
sales,salesorderheader,accountnumber,10.0,character varying,Y,N,,,, , , ,,, , , , 
sales,salesorderheader,billtoaddressid,14.0,integer,,N,,Y,, ,FOREIGN KEY,FK_SalesOrderHeader_Address_BillToAddressID,address.addressid,constraint, , , , 
sales,salesorderheader,comment,24.0,character varying,Y,N,,,, , , ,,, , , , 
sales,salesorderheader,creditcardapprovalcode,18.0,character varying,Y,N,,,, , , ,,, , , , 
sales,salesorderheader,creditcardid,17.0,integer,Y,N,,Y,, ,FOREIGN KEY,FK_SalesOrderHeader_CreditCard_CreditCardID,creditcard.creditcardid,constraint, , , , 
sales,salesorderheader,currencyrateid,19.0,integer,Y,N,,Y,, ,FOREIGN KEY,FK_SalesOrderHeader_CurrencyRate_CurrencyRateID,currencyrate.currencyrateid,constraint, , , , 
sales,salesorderheader,customerid,11.0,integer,,N,,Y,, ,FOREIGN KEY,FK_SalesOrderHeader_Customer_CustomerID,customer.customerid,constraint, , , , 
sales,salesorderheader,duedate,4.0,timestamp without time zone,,N,,,, , , ,,, , , , 
sales,salesorderheader,freight,22.0,numeric,,N,,,,0.00, , ,,, , , , 
sales,salesorderheader,modifieddate,26.0,timestamp without time zone,,N,,,,now(), , ,,, , , , 
sales,salesorderheader,onlineorderflag,7.0,boolean,,N,,,,true, , ,,, , , , 
sales,salesorderheader,orderdate,3.0,timestamp without time zone,,N,,,,now(), , ,,, , , , 
sales,salesorderheader,purchaseordernumber,9.0,character varying,Y,N,,,, , , ,,, , , , 
sales,salesorderheader,revisionnumber,2.0,smallint,,N,,,,0, , ,,, , , , 
sales,salesorderheader,rowguid,25.0,uuid,,N,,,,uuid_generate_v1(), , ,,, , , , 
sales,salesorderheader,salesorderid,1.0,integer,,N,Y,,,nextval('sales.salesorderheader_salesorderid_seq'::regclass),PRIMARY KEY,PK_SalesOrderHeader_SalesOrderID,,constraint, , , , 
sales,salesorderheader,salespersonid,12.0,integer,Y,N,,Y,, ,FOREIGN KEY,FK_SalesOrderHeader_SalesPerson_SalesPersonID,salesperson.businessentityid,constraint, , , , 
sales,salesorderheader,shipdate,5.0,timestamp without time zone,Y,N,,,, , , ,,, , , , 
sales,salesorderheader,shipmethodid,16.0,integer,,N,,Y,, ,FOREIGN KEY,FK_SalesOrderHeader_ShipMethod_ShipMethodID,shipmethod.shipmethodid,constraint, , , , 
sales,salesorderheader,shiptoaddressid,15.0,integer,,N,,Y,, ,FOREIGN KEY,FK_SalesOrderHeader_Address_ShipToAddressID,address.addressid,constraint, , , , 
sales,salesorderheader,status,6.0,smallint,,N,,,,1, , ,,, , , , 
sales,salesorderheader,subtotal,20.0,numeric,,N,,,,0.00, , ,,, , , , 
sales,salesorderheader,taxamt,21.0,numeric,,N,,,,0.00, , ,,, , , , 
sales,salesorderheader,territoryid,13.0,integer,Y,N,,Y,, ,FOREIGN KEY,FK_SalesOrderHeader_SalesTerritory_TerritoryID,salesterritory.territoryid,constraint, , , , 
sales,salesorderheader,totaldue,23.0,numeric,Y,N,,,, , , ,,, , , , 
sales,salesorderheadersalesreason,modifieddate,3.0,timestamp without time zone,,N,,,,now(), , ,,, , , , 
sales,salesorderheadersalesreason,salesorderid,1.0,integer,,N,,Y,, ,FOREIGN KEY,FK_SalesOrderHeaderSalesReason_SalesOrderHeader_SalesOrderID,salesorderheader.salesorderid,constraint, , , , 
sales,salesorderheadersalesreason,salesorderid,1.0,integer,,N,Y,,, ,PRIMARY KEY,PK_SalesOrderHeaderSalesReason_SalesOrderID_SalesReasonID,,constraint, , , , 
sales,salesorderheadersalesreason,salesreasonid,2.0,integer,,N,,Y,, ,FOREIGN KEY,FK_SalesOrderHeaderSalesReason_SalesReason_SalesReasonID,salesreason.salesreasonid,constraint, , , , 
sales,salesorderheadersalesreason,salesreasonid,2.0,integer,,N,Y,,, ,PRIMARY KEY,PK_SalesOrderHeaderSalesReason_SalesOrderID_SalesReasonID,,constraint, , , , 
sales,salesperson,bonus,4.0,numeric,,N,,,,0.00, , ,,, , , , 
sales,salesperson,businessentityid,1.0,integer,,N,,Y,, ,FOREIGN KEY,FK_SalesPerson_Employee_BusinessEntityID,employee.businessentityid,constraint, , , , 
sales,salesperson,businessentityid,1.0,integer,,N,Y,,, ,PRIMARY KEY,PK_SalesPerson_BusinessEntityID,,constraint, , , , 
sales,salesperson,commissionpct,5.0,numeric,,N,,,,0.00, , ,,, , , , 
sales,salesperson,modifieddate,9.0,timestamp without time zone,,N,,,,now(), , ,,, , , , 
sales,salesperson,rowguid,8.0,uuid,,N,,,,uuid_generate_v1(), , ,,, , , , 
sales,salesperson,saleslastyear,7.0,numeric,,N,,,,0.00, , ,,, , , , 
sales,salesperson,salesquota,3.0,numeric,Y,N,,,, , , ,,, , , , 
sales,salesperson,salesytd,6.0,numeric,,N,,,,0.00, , ,,, , , , 
sales,salesperson,territoryid,2.0,integer,Y,N,,Y,, ,FOREIGN KEY,FK_SalesPerson_SalesTerritory_TerritoryID,salesterritory.territoryid,constraint, , , , 
sales,salespersonquotahistory,businessentityid,1.0,integer,,N,,Y,, ,FOREIGN KEY,FK_SalesPersonQuotaHistory_SalesPerson_BusinessEntityID,salesperson.businessentityid,constraint, , , , 
sales,salespersonquotahistory,businessentityid,1.0,integer,,N,Y,,, ,PRIMARY KEY,PK_SalesPersonQuotaHistory_BusinessEntityID_QuotaDate,,constraint, , , , 
sales,salespersonquotahistory,modifieddate,5.0,timestamp without time zone,,N,,,,now(), , ,,, , , , 
sales,salespersonquotahistory,quotadate,2.0,timestamp without time zone,,N,Y,,, ,PRIMARY KEY,PK_SalesPersonQuotaHistory_BusinessEntityID_QuotaDate,,constraint, , , , 
sales,salespersonquotahistory,rowguid,4.0,uuid,,N,,,,uuid_generate_v1(), , ,,, , , , 
sales,salespersonquotahistory,salesquota,3.0,numeric,,N,,,, , , ,,, , , , 
sales,salesreason,modifieddate,4.0,timestamp without time zone,,N,,,,now(), , ,,, , , , 
sales,salesreason,name,2.0,character varying,,N,,,, , , ,,, , , , 
sales,salesreason,reasontype,3.0,character varying,,N,,,, , , ,,, , , , 
sales,salesreason,salesreasonid,1.0,integer,,N,Y,,,nextval('sales.salesreason_salesreasonid_seq'::regclass),PRIMARY KEY,PK_SalesReason_SalesReasonID,,constraint, , , , 
sales,salestaxrate,modifieddate,7.0,timestamp without time zone,,N,,,,now(), , ,,, , , , 
sales,salestaxrate,name,5.0,character varying,,N,,,, , , ,,, , , , 
sales,salestaxrate,rowguid,6.0,uuid,,N,,,,uuid_generate_v1(), , ,,, , , , 
sales,salestaxrate,salestaxrateid,1.0,integer,,N,Y,,,nextval('sales.salestaxrate_salestaxrateid_seq'::regclass),PRIMARY KEY,PK_SalesTaxRate_SalesTaxRateID,,constraint, , , , 
sales,salestaxrate,stateprovinceid,2.0,integer,,N,,Y,, ,FOREIGN KEY,FK_SalesTaxRate_StateProvince_StateProvinceID,stateprovince.stateprovinceid,constraint, , , , 
sales,salestaxrate,taxrate,4.0,numeric,,N,,,,0.00, , ,,, , , , 
sales,salestaxrate,taxtype,3.0,smallint,,N,,,, , , ,,, , , , 
sales,salesterritory,costlastyear,8.0,numeric,,N,,,,0.00, , ,,, , , , 
sales,salesterritory,costytd,7.0,numeric,,N,,,,0.00, , ,,, , , , 
sales,salesterritory,countryregioncode,3.0,character varying,,N,,Y,, ,FOREIGN KEY,FK_SalesTerritory_CountryRegion_CountryRegionCode,countryregion.countryregioncode,constraint, , , , 
sales,salesterritory,group,4.0,character varying,,N,,,, , , ,,, , , , 
sales,salesterritory,modifieddate,10.0,timestamp without time zone,,N,,,,now(), , ,,, , , , 
sales,salesterritory,name,2.0,character varying,,N,,,, , , ,,, , , , 
sales,salesterritory,rowguid,9.0,uuid,,N,,,,uuid_generate_v1(), , ,,, , , , 
sales,salesterritory,saleslastyear,6.0,numeric,,N,,,,0.00, , ,,, , , , 
sales,salesterritory,salesytd,5.0,numeric,,N,,,,0.00, , ,,, , , , 
sales,salesterritory,territoryid,1.0,integer,,N,Y,,,nextval('sales.salesterritory_territoryid_seq'::regclass),PRIMARY KEY,PK_SalesTerritory_TerritoryID,,constraint, , , , 
sales,salesterritoryhistory,businessentityid,1.0,integer,,N,Y,,, ,PRIMARY KEY,PK_SalesTerritoryHistory_BusinessEntityID_StartDate_TerritoryID,,constraint, , , , 
sales,salesterritoryhistory,businessentityid,1.0,integer,,N,,Y,, ,FOREIGN KEY,FK_SalesTerritoryHistory_SalesPerson_BusinessEntityID,salesperson.businessentityid,constraint, , , , 
sales,salesterritoryhistory,enddate,4.0,timestamp without time zone,Y,N,,,, , , ,,, , , , 
sales,salesterritoryhistory,modifieddate,6.0,timestamp without time zone,,N,,,,now(), , ,,, , , , 
sales,salesterritoryhistory,rowguid,5.0,uuid,,N,,,,uuid_generate_v1(), , ,,, , , , 
sales,salesterritoryhistory,startdate,3.0,timestamp without time zone,,N,Y,,, ,PRIMARY KEY,PK_SalesTerritoryHistory_BusinessEntityID_StartDate_TerritoryID,,constraint, , , , 
sales,salesterritoryhistory,territoryid,2.0,integer,,N,,Y,, ,FOREIGN KEY,FK_SalesTerritoryHistory_SalesTerritory_TerritoryID,salesterritory.territoryid,constraint, , , , 
sales,salesterritoryhistory,territoryid,2.0,integer,,N,Y,,, ,PRIMARY KEY,PK_SalesTerritoryHistory_BusinessEntityID_StartDate_TerritoryID,,constraint, , , , 
sales,shoppingcartitem,datecreated,5.0,timestamp without time zone,,N,,,,now(), , ,,, , , , 
sales,shoppingcartitem,modifieddate,6.0,timestamp without time zone,,N,,,,now(), , ,,, , , , 
sales,shoppingcartitem,productid,4.0,integer,,N,,Y,, ,FOREIGN KEY,FK_ShoppingCartItem_Product_ProductID,product.productid,constraint, , , , 
sales,shoppingcartitem,quantity,3.0,integer,,N,,,,1, , ,,, , , , 
sales,shoppingcartitem,shoppingcartid,2.0,character varying,,N,,,, , , ,,, , , , 
sales,shoppingcartitem,shoppingcartitemid,1.0,integer,,N,Y,,,nextval('sales.shoppingcartitem_shoppingcartitemid_seq'::regclass),PRIMARY KEY,PK_ShoppingCartItem_ShoppingCartItemID,,constraint, , , , 
sales,specialoffer,category,5.0,character varying,,N,,,, , , ,,, , , , 
sales,specialoffer,description,2.0,character varying,,N,,,, , , ,,, , , , 
sales,specialoffer,discountpct,3.0,numeric,,N,,,,0.00, , ,,, , , , 
sales,specialoffer,enddate,7.0,timestamp without time zone,,N,,,, , , ,,, , , , 
sales,specialoffer,maxqty,9.0,integer,Y,N,,,, , , ,,, , , , 
sales,specialoffer,minqty,8.0,integer,,N,,,,0, , ,,, , , , 
sales,specialoffer,modifieddate,11.0,timestamp without time zone,,N,,,,now(), , ,,, , , , 
sales,specialoffer,rowguid,10.0,uuid,,N,,,,uuid_generate_v1(), , ,,, , , , 
sales,specialoffer,specialofferid,1.0,integer,,N,Y,,,nextval('sales.specialoffer_specialofferid_seq'::regclass),PRIMARY KEY,PK_SpecialOffer_SpecialOfferID,,constraint, , , , 
sales,specialoffer,startdate,6.0,timestamp without time zone,,N,,,, , , ,,, , , , 
sales,specialoffer,type,4.0,character varying,,N,,,, , , ,,, , , , 
sales,specialofferproduct,modifieddate,4.0,timestamp without time zone,,N,,,,now(), , ,,, , , , 
sales,specialofferproduct,productid,2.0,integer,,N,,Y,, ,FOREIGN KEY,FK_SpecialOfferProduct_Product_ProductID,product.productid,constraint, , , , 
sales,specialofferproduct,productid,2.0,integer,,N,Y,,, ,PRIMARY KEY,PK_SpecialOfferProduct_SpecialOfferID_ProductID,,constraint, , , , 
sales,specialofferproduct,rowguid,3.0,uuid,,N,,,,uuid_generate_v1(), , ,,, , , , 
sales,specialofferproduct,specialofferid,1.0,integer,,N,Y,,, ,PRIMARY KEY,PK_SpecialOfferProduct_SpecialOfferID_ProductID,,constraint, , , , 
sales,specialofferproduct,specialofferid,1.0,integer,,N,,Y,, ,FOREIGN KEY,FK_SpecialOfferProduct_SpecialOffer_SpecialOfferID,specialoffer.specialofferid,constraint, , , , 
sales,store,businessentityid,1.0,integer,,N,,Y,, ,FOREIGN KEY,FK_Store_BusinessEntity_BusinessEntityID,businessentity.businessentityid,constraint, , , , 
sales,store,businessentityid,1.0,integer,,N,Y,,, ,PRIMARY KEY,PK_Store_BusinessEntityID,,constraint, , , , 
sales,store,demographics,4.0,xml,Y,N,,,, , , ,,, , , , 
sales,store,modifieddate,6.0,timestamp without time zone,,N,,,,now(), , ,,, , , , 
sales,store,name,2.0,character varying,,N,,,, , , ,,, , , , 
sales,store,rowguid,5.0,uuid,,N,,,,uuid_generate_v1(), , ,,, , , , 
sales,store,salespersonid,3.0,integer,Y,N,,Y,, ,FOREIGN KEY,FK_Store_SalesPerson_SalesPersonID,salesperson.businessentityid,constraint, , , , 
sales,vindividualcustomer,addressline1,12.0,character varying,Y,N,,,, , , ,,, , , , 
sales,vindividualcustomer,addressline2,13.0,character varying,Y,N,,,, , , ,,, , , , 
sales,vindividualcustomer,addresstype,11.0,character varying,Y,N,,,, , , ,,, , , , 
sales,vindividualcustomer,businessentityid,1.0,integer,Y,N,,,, , , ,,, , , , 
sales,vindividualcustomer,city,14.0,character varying,Y,N,,,, , , ,,, , , , 
sales,vindividualcustomer,countryregionname,17.0,character varying,Y,N,,,, , , ,,, , , , 
sales,vindividualcustomer,demographics,18.0,xml,Y,N,,,, , , ,,, , , , 
sales,vindividualcustomer,emailaddress,9.0,character varying,Y,N,,,, , , ,,, , , , 
sales,vindividualcustomer,emailpromotion,10.0,integer,Y,N,,,, , , ,,, , , , 
sales,vindividualcustomer,firstname,3.0,character varying,Y,N,,,, , , ,,, , , , 
sales,vindividualcustomer,lastname,5.0,character varying,Y,N,,,, , , ,,, , , , 
sales,vindividualcustomer,middlename,4.0,character varying,Y,N,,,, , , ,,, , , , 
sales,vindividualcustomer,phonenumber,7.0,character varying,Y,N,,,, , , ,,, , , , 
sales,vindividualcustomer,phonenumbertype,8.0,character varying,Y,N,,,, , , ,,, , , , 
sales,vindividualcustomer,postalcode,16.0,character varying,Y,N,,,, , , ,,, , , , 
sales,vindividualcustomer,stateprovincename,15.0,character varying,Y,N,,,, , , ,,, , , , 
sales,vindividualcustomer,suffix,6.0,character varying,Y,N,,,, , , ,,, , , , 
sales,vindividualcustomer,title,2.0,character varying,Y,N,,,, , , ,,, , , , 
sales,vpersondemographics,birthdate,4.0,date,Y,N,,,, , , ,,, , , , 
sales,vpersondemographics,businessentityid,1.0,integer,Y,N,,,, , , ,,, , , , 
sales,vpersondemographics,datefirstpurchase,3.0,date,Y,N,,,, , , ,,, , , , 
sales,vpersondemographics,education,10.0,character varying,Y,N,,,, , , ,,, , , , 
sales,vpersondemographics,gender,7.0,character varying,Y,N,,,, , , ,,, , , , 
sales,vpersondemographics,homeownerflag,12.0,boolean,Y,N,,,, , , ,,, , , , 
sales,vpersondemographics,maritalstatus,5.0,character varying,Y,N,,,, , , ,,, , , , 
sales,vpersondemographics,numbercarsowned,13.0,integer,Y,N,,,, , , ,,, , , , 
sales,vpersondemographics,numberchildrenathome,9.0,integer,Y,N,,,, , , ,,, , , , 
sales,vpersondemographics,occupation,11.0,character varying,Y,N,,,, , , ,,, , , , 
sales,vpersondemographics,totalchildren,8.0,integer,Y,N,,,, , , ,,, , , , 
sales,vpersondemographics,totalpurchaseytd,2.0,money,Y,N,,,, , , ,,, , , , 
sales,vpersondemographics,yearlyincome,6.0,character varying,Y,N,,,, , , ,,, , , , 
sales,vsalesperson,addressline1,12.0,character varying,Y,N,,,, , , ,,, , , , 
sales,vsalesperson,addressline2,13.0,character varying,Y,N,,,, , , ,,, , , , 
sales,vsalesperson,businessentityid,1.0,integer,Y,N,,,, , , ,,, , , , 
sales,vsalesperson,city,14.0,character varying,Y,N,,,, , , ,,, , , , 
sales,vsalesperson,countryregionname,17.0,character varying,Y,N,,,, , , ,,, , , , 
sales,vsalesperson,emailaddress,10.0,character varying,Y,N,,,, , , ,,, , , , 
sales,vsalesperson,emailpromotion,11.0,integer,Y,N,,,, , , ,,, , , , 
sales,vsalesperson,firstname,3.0,character varying,Y,N,,,, , , ,,, , , , 
sales,vsalesperson,jobtitle,7.0,character varying,Y,N,,,, , , ,,, , , , 
sales,vsalesperson,lastname,5.0,character varying,Y,N,,,, , , ,,, , , , 
sales,vsalesperson,middlename,4.0,character varying,Y,N,,,, , , ,,, , , , 
sales,vsalesperson,phonenumber,8.0,character varying,Y,N,,,, , , ,,, , , , 
sales,vsalesperson,phonenumbertype,9.0,character varying,Y,N,,,, , , ,,, , , , 
sales,vsalesperson,postalcode,16.0,character varying,Y,N,,,, , , ,,, , , , 
sales,vsalesperson,saleslastyear,22.0,numeric,Y,N,,,, , , ,,, , , , 
sales,vsalesperson,salesquota,20.0,numeric,Y,N,,,, , , ,,, , , , 
sales,vsalesperson,salesytd,21.0,numeric,Y,N,,,, , , ,,, , , , 
sales,vsalesperson,stateprovincename,15.0,character varying,Y,N,,,, , , ,,, , , , 
sales,vsalesperson,suffix,6.0,character varying,Y,N,,,, , , ,,, , , , 
sales,vsalesperson,territorygroup,19.0,character varying,Y,N,,,, , , ,,, , , , 
sales,vsalesperson,territoryname,18.0,character varying,Y,N,,,, , , ,,, , , , 
sales,vsalesperson,title,2.0,character varying,Y,N,,,, , , ,,, , , , 
sales,vsalespersonsalesbyfiscalyears,2012,5.0,numeric,Y,N,,,, , , ,,, , , , 
sales,vsalespersonsalesbyfiscalyears,2013,6.0,numeric,Y,N,,,, , , ,,, , , , 
sales,vsalespersonsalesbyfiscalyears,2014,7.0,numeric,Y,N,,,, , , ,,, , , , 
sales,vsalespersonsalesbyfiscalyears,FullName,2.0,text,Y,N,,,, , , ,,, , , , 
sales,vsalespersonsalesbyfiscalyears,JobTitle,3.0,text,Y,N,,,, , , ,,, , , , 
sales,vsalespersonsalesbyfiscalyears,SalesPersonID,1.0,integer,Y,N,,,, , , ,,, , , , 
sales,vsalespersonsalesbyfiscalyears,SalesTerritory,4.0,text,Y,N,,,, , , ,,, , , , 
sales,vsalespersonsalesbyfiscalyearsdata,fiscalyear,6.0,numeric,Y,N,,,, , , ,,, , , , 
sales,vsalespersonsalesbyfiscalyearsdata,fullname,2.0,text,Y,N,,,, , , ,,, , , , 
sales,vsalespersonsalesbyfiscalyearsdata,jobtitle,3.0,character varying,Y,N,,,, , , ,,, , , , 
sales,vsalespersonsalesbyfiscalyearsdata,salespersonid,1.0,integer,Y,N,,,, , , ,,, , , , 
sales,vsalespersonsalesbyfiscalyearsdata,salesterritory,4.0,character varying,Y,N,,,, , , ,,, , , , 
sales,vsalespersonsalesbyfiscalyearsdata,salestotal,5.0,numeric,Y,N,,,, , , ,,, , , , 
sales,vstorewithaddresses,addressline1,4.0,character varying,Y,N,,,, , , ,,, , , , 
sales,vstorewithaddresses,addressline2,5.0,character varying,Y,N,,,, , , ,,, , , , 
sales,vstorewithaddresses,addresstype,3.0,character varying,Y,N,,,, , , ,,, , , , 
sales,vstorewithaddresses,businessentityid,1.0,integer,Y,N,,,, , , ,,, , , , 
sales,vstorewithaddresses,city,6.0,character varying,Y,N,,,, , , ,,, , , , 
sales,vstorewithaddresses,countryregionname,9.0,character varying,Y,N,,,, , , ,,, , , , 
sales,vstorewithaddresses,name,2.0,character varying,Y,N,,,, , , ,,, , , , 
sales,vstorewithaddresses,postalcode,8.0,character varying,Y,N,,,, , , ,,, , , , 
sales,vstorewithaddresses,stateprovincename,7.0,character varying,Y,N,,,, , , ,,, , , , 
sales,vstorewithcontacts,businessentityid,1.0,integer,Y,N,,,, , , ,,, , , , 
sales,vstorewithcontacts,contacttype,3.0,character varying,Y,N,,,, , , ,,, , , , 
sales,vstorewithcontacts,emailaddress,11.0,character varying,Y,N,,,, , , ,,, , , , 
sales,vstorewithcontacts,emailpromotion,12.0,integer,Y,N,,,, , , ,,, , , , 
sales,vstorewithcontacts,firstname,5.0,character varying,Y,N,,,, , , ,,, , , , 
sales,vstorewithcontacts,lastname,7.0,character varying,Y,N,,,, , , ,,, , , , 
sales,vstorewithcontacts,middlename,6.0,character varying,Y,N,,,, , , ,,, , , , 
sales,vstorewithcontacts,name,2.0,character varying,Y,N,,,, , , ,,, , , , 
sales,vstorewithcontacts,phonenumber,9.0,character varying,Y,N,,,, , , ,,, , , , 
sales,vstorewithcontacts,phonenumbertype,10.0,character varying,Y,N,,,, , , ,,, , , , 
sales,vstorewithcontacts,suffix,8.0,character varying,Y,N,,,, , , ,,, , , , 
sales,vstorewithcontacts,title,4.0,character varying,Y,N,,,, , , ,,, , , , 
sales,vstorewithdemographics,AnnualRevenue,4.0,money,Y,N,,,, , , ,,, , , , 
sales,vstorewithdemographics,AnnualSales,3.0,money,Y,N,,,, , , ,,, , , , 
sales,vstorewithdemographics,BankName,5.0,character varying,Y,N,,,, , , ,,, , , , 
sales,vstorewithdemographics,Brands,10.0,character varying,Y,N,,,, , , ,,, , , , 
sales,vstorewithdemographics,BusinessType,6.0,character varying,Y,N,,,, , , ,,, , , , 
sales,vstorewithdemographics,Internet,11.0,character varying,Y,N,,,, , , ,,, , , , 
sales,vstorewithdemographics,NumberEmployees,12.0,integer,Y,N,,,, , , ,,, , , , 
sales,vstorewithdemographics,Specialty,8.0,character varying,Y,N,,,, , , ,,, , , , 
sales,vstorewithdemographics,SquareFeet,9.0,integer,Y,N,,,, , , ,,, , , , 
sales,vstorewithdemographics,YearOpened,7.0,integer,Y,N,,,, , , ,,, , , , 
sales,vstorewithdemographics,businessentityid,1.0,integer,Y,N,,,, , , ,,, , , , 
sales,vstorewithdemographics,name,2.0,character varying,Y,N,,,, , , ,,, , , , 
